ID     | BKZ     | berufskundliche Gruppe  | Berufsbezeichnung
448    | 11113902 | A Techniker             | Techniker/in - Agrartechnik
7474   | 11183901 | A Sonst. kaufm. WB      | Fachkraft - EDV-gestützte Unternehmensführung
34990  | 11183908 | A Fachagrarwirte        | Fachagrarwirt/in - Erneuerbare Energien/Biomasse
273    | 11193900 | A Sonst. Meister        | Landwirtschaftsmeister/in
411    | 11193901 | A Betriebswirte (FS)    | Betriebswirt/in (Fachschule) - Agrarbetrieb
412    | 11193902 | A Wirtschafter          | Wirtschafter/in - Landwirtschaft
90071  | 11193915 | A Sonst. Meister        | Agrarservicemeister/in
130913 | 11193916 | A Sonst. Meister        | Pflanzentechnologiemeister/in
34992  | 11213904 | A Fachagrarwirte        | Fachagrarwirt/in - Klauenpflege
93272  | 11213905 | A Sonst. WB             | Klauenpfleger/in
312    | 11293900 | A Sonst. Meister        | Tierwirtschaftsmeister/in - Rinderhaltung
318    | 11293901 | A Sonst. Meister        | Tierwirtschaftsmeister/in - Schäferei
329    | 11293902 | A Sonst. Meister        | Tierwirtschaftsmeister/in - Geflügelhaltung
360    | 11293904 | A Sonst. Meister        | Tierwirtschaftsmeister/in - Schweinehaltung
368    | 11293905 | A Sonst. Meister        | Tierwirtschaftsmeister/in - Imkerei
14002  | 11333901 | A Sonst. WB             | Hufbeschlagschmied/in
128444 | 11393910 | A Sonst. Meister        | Pferdewirtschaftsmeister/in - Pferdehaltung und Service
128446 | 11393911 | A Sonst. Meister        | Pferdewirtschaftsmeister/in - Pferdezucht
128448 | 11393912 | A Sonst. Meister        | Pferdewirtschaftsmeister/in - Klassische Reitausbildung
128450 | 11393913 | A Sonst. Meister        | Pferdewirtschaftsmeister/in - Pferderennen
128452 | 11393914 | A Sonst. Meister        | Pferdewirtschaftsmeister/in - Spezialreitweisen
354    | 11493900 | A Sonst. Meister        | Fischwirtschaftsmeister/in - Fischhaltung und Fischzucht
385    | 11493901 | A Sonst. Meister        | Fischwirtschaftsmeister/in - Seen- und Flussfischerei
390    | 11493902 | A Sonst. Meister        | Fischwirtschaftsmeister/in - Kl. Hochsee- u. Küstenfischerei
547    | 11593900 | A Sonst. Meister        | Tierpflegemeister/in
13752  | 11603901 | A Techniker             | Techniker/in - Weinbau und Kellerwirtschaft
295    | 11693900 | A Sonst. Meister        | Winzermeister/in
457    | 11693901 | A Wirtschafter          | Wirtschafter/in - Weinbau
14056  | 11713901 | A Techniker             | Techniker/in - Forsttechnik
444    | 11723900 | A Techniker             | Techniker/in - Umwelt/Landschaft
15095  | 11723902 | A Sonst. WB             | Natur- und Landschaftspfleger/in
714    | 11793901 | A Sonst. Meister        | Revierjagdmeister/in
728    | 11793902 | A Sonst. Meister        | Forstwirtschaftsmeister/in
58473  | 12103906 | A Techniker             | Techniker/in - Gartenbau (ohne Schwerpunkt)
14565  | 12123901 | A Techniker             | Techniker/in - Gartenbau (Produktion und Vermarktung)
593    | 12143900 | A Fachagrarwirte        | Fachagrarwirt/in - Baumpflege/Bachelor Professional Baumpfl.
"660    | 12143903 | A Techniker             | Techniker/in - Gartenbau (Garten-, Landschaftsbau)"
8141   | 12143904 | A Fachagrarwirte        | Fachagrarwirt/in - Sport- und Golfplatzpflege
15569  | 12143905 | A Fachagrarwirte        | Fachagrarwirt/in - Head-Greenkeeper/in
580    | 12193900 | A Sonst. Meister        | Gärtnermeister/in - Garten- und Landschaftsbau
581    | 12193901 | A Sonst. Meister        | Gärtnermeister/in - Baumschule
582    | 12193902 | A Wirtschafter          | Wirtschafter/in - Gartenbau
602    | 12193903 | A Sonst. Meister        | Gärtnermeister/in - Zierpflanzenbau
603    | 12193904 | A Sonst. Meister        | Gärtnermeister/in - Staudengärtnerei
612    | 12193905 | A Sonst. Meister        | Gärtnermeister/in - Obstbau
613    | 12193906 | A Sonst. Meister        | Gärtnermeister/in - Gemüsebau
619    | 12193907 | A Sonst. Meister        | Gärtnermeister/in - Friedhofsgärtnerei
682    | 12203900 | A Gestalter             | Gestalter/in - Blumenkunst
681    | 12293900 | A Sonst. Meister        | Floristmeister/in
5727   | 21113900 | A Techniker             | Techniker/in - Bergbautechnik
5762   | 21113905 | A Techniker             | Techniker/in - Bohrtechnik
13824  | 21123901 | A Sonst. WB             | Sprengberechtigte/r
133532 | 21123903 | A Sonst. WB             | Kampfmittelbeseitiger/in
884    | 21233900 | A Restauratoren         | Restaurator/in - Steinm.-u. Steinbildh.hw./M. Prof. Restaur.
5981   | 21233901 | A Techniker             | Techniker/in - Steintechnik
864    | 21293900 | A Handwerksmeister      | Steinmetz- und Steinbildhauermeister/in
964    | 21293901 | A Handwerksmeister      | Werkstein- und Terrazzoherstellermeister/in
6140   | 21293902 | A Industriemeister      | Industriemeister/in - Naturwerkstein
6288   | 21293903 | A Industriemeister      | Industriemeister/in - Betonsteinindustrie
77368  | 21293914 | A Industriemeister      | Industriemeister/in - Kalk/Zement
134758 | 21293915 | A Industriemeister      | Industriemeister/in - Aufbereitungs- und Verfahrenstechnik
5983   | 21313901 | A Techniker             | Techniker/in - Glastechnik (Glashüttentechnik)
5986   | 21313903 | A Techniker             | Techniker/in - Glasbautechnik
134253 | 21313908 | A Techniker             | Techniker/in - Glastechnik (ohne Schwerpunkt)
5984   | 21323900 | A Techniker             | Techniker/in - Glastechnik (Optik)
1079   | 21393900 | A Handwerksmeister      | Glasbläser- und Glasapparatebauermeister/in
1117   | 21393901 | A Handwerksmeister      | Glasveredlermeister/in
1124   | 21393902 | A Handwerksmeister      | Feinoptikermeister/in
6132   | 21393903 | A Industriemeister      | Industriemeister/in - Glas
6208   | 21393904 | A Industriemeister      | Industriemeister/in - Optik
5980   | 21413900 | A Techniker             | Techniker/in - Keramiktechnik
6131   | 21493900 | A Industriemeister      | Industriemeister/in - Keramik
5485   | 22103900 | A Techniker             | Techniker/in - Maschinentechnik (Kunststoff-/Kautschuktech.)
5992   | 22103901 | A Techniker             | Techniker/in - Kunststoff- und Kautschuktechnik
1195   | 22193900 | A Handwerksmeister      | Mechanikermeister/in - Reifen- und Vulkanisationstechnik
6135   | 22193901 | A Industriemeister      | Industriemeister/in - Kunststoff und Kautschuk
5811   | 22203900 | A Techniker             | Techniker/in - Farb- u. Lacktechnik (Gestaltung)
5813   | 22203901 | A Techniker             | Techniker/in - Farb- u. Lacktechnik (ohne Schwerpunkt)
58499  | 22203905 | A Techniker             | Techniker/in - Farb- u. Lacktechnik (ind. Beschichtungst.)
5812   | 22293900 | A Sonst. kaufm. WB      | Betriebsmanager/in - Farbtechnik
6137   | 22293901 | A Industriemeister      | Industriemeister/in - Lack
5958   | 22303900 | A Techniker             | Techniker/in - Holztechnik (ohne Schwerpunkt)
123342 | 22303926 | A Techniker             | Techniker/in - Holztechnik (Modell- und Formenbau)
15036  | 22342906 | A Sonst. WB             | Bildeinrahmer/in
35219  | 22342922 | A Sonst. WB             | Kundenberater/in - Tischlerhandwerk
4507   | 22343900 | A Restauratoren         | Restaurator/in - Tischlerhandwerk/M. Prof. Restaurierung
5966   | 22343902 | A Techniker             | Techniker/in - Holztechnik (Möbelbau und Raumgestaltung)
14297  | 22343904 | A Handw. Restaurierungsarb. | Tischler/in - Restaurierungsarbeiten
15512  | 22343905 | A Restauratoren         | Restaurator/in - Möbel und Holzobjekte/B. Prof. Technik
1556   | 22393900 | A Handwerksmeister      | Bürsten- und Pinselmachermeister/in
1583   | 22393901 | A Handwerksmeister      | Korb- und Flechtwerkgestaltermeister/in
4471   | 22393902 | A Handwerksmeister      | Tischlermeister/in
4540   | 22393904 | A Handwerksmeister      | Böttchermeister/in
5969   | 22393905 | A Sonst. kaufm. WB      | Betriebsmanager/in - Bau- und Holztechnik
6260   | 22393906 | A Industriemeister      | Industriemeister/in - Holz
8016   | 22393910 | A Fachwirte             | Fachwirt/in - Holzindustrie und Holzhandel
35221  | 22393920 | A Sonst. WB             | Fertigungsplaner/in - Tischlerhandwerk
"135613 | 22393923 | A Sonst. Meister        | Meister/in - Möbel-, Küchen- und Umzugsservice"
5959   | 23113900 | A Techniker             | Techniker/in - Papiertechnik
14379  | 23123902 | A Techniker             | Techniker/in - Lebensmitteltechnik (Lebensmittelverpackung)
6264   | 23193900 | A Industriemeister      | Industriemeister/in - Papier- und Kunststoffverarbeitung
6265   | 23193901 | A Industriemeister      | Industriemeister/in - Papiererzeugung
14220  | 23213900 | A Sonst. WB             | Visuelle/r Designer/in digital und print
15504  | 23213901 | A Gestalter             | Gestalter/in - Werbe- und Mediengestaltung
15125  | 23223903 | A Sonst. WB             | Webdesigner/in
"15502  | 23223905 | A Sonst. WB             | Designer/in (staatl.gepr.) - Farbe,Gestaltung,Werbung"
1345   | 23293900 | A Handwerksmeister      | Schriftsetzermeister/in
1406   | 23293901 | A Handwerksmeister      | Flexografenmeister/in
77109  | 23293907 | A Industriemeister      | Industriemeister/in - Printmedien/B. Prof. Print
6462   | 23313900 | A Techniker             | Techniker/in - Foto- und Medientechnik
8578   | 23393901 | A Handwerksmeister      | Fotografenmeister/in
5996   | 23413900 | A Techniker             | Techniker/in - Druck- und Medientechnik
15040  | 23423901 | A Handw. Restaurierungsarb. | Buchbinder/in - Restaurierungsarbeiten
58507  | 23423902 | A Restauratoren         | Restaurator/in - Buchbinderhandwerk/M. Prof. Restaurierung
1293   | 23493900 | A Handwerksmeister      | Buchbindermeister/in
1424   | 23493901 | A Handwerksmeister      | Druckermeister/in
1470   | 23493903 | A Handwerksmeister      | Siebdruckermeister/in
5776   | 24133900 | A Techniker             | Techniker/in - Gießereitechnik
1697   | 24193900 | A Handwerksmeister      | Metall- und Glockengießermeister/in
6168   | 24193903 | A Industriemeister      | Industriemeister/in - Gießerei
14062  | 24193904 | A Industriemeister      | Industriemeister/in - Hüttentechnik
1935   | 24233900 | A Sonst. WB             | CNC-Fachkraft/NC-Anwendungsfachmann/-frau
123606 | 24233904 | A Techniker             | Techniker/in - Zerspanungstechnik
14003  | 24243900 | A Sonst. WB             | Fachkraft - Metallbearbeitung durch Laserstrahl
6167   | 24293900 | A Industriemeister      | Industriemeister/in - Metall
5820   | 24303900 | A Techniker             | Techniker/in - Galvanotechnik
5842   | 24303901 | A Techniker             | Techniker/in - Korrosionsschutz
1994   | 24393900 | A Handwerksmeister      | Galvaniseurmeister/in
5643   | 24413900 | A Techniker             | Techniker/in - Metallbautechnik (ohne Schwerpunkt)
5646   | 24413901 | A Techniker             | Techniker/in - Metallbautechnik (Leichtmetallbau)
14287  | 24413905 | A Restauratoren         | Restaurator/in - Metallbauerhandwerk/M. Prof. Restaurierung
58463  | 24413912 | A Techniker             | Techniker/in - Metallbautechnik (Stahlbau)
58467  | 24413913 | A Techniker             | Techniker/in - Metallbautechnik (Gebäudetechnik)
5388   | 24423900 | A Sonst. WB             | Schweißtechniker/in
5391   | 24423901 | A Techniker             | Techniker/in - Maschinentechnik (Verbindungstechnik)
27258  | 24423902 | A Sonst. WB             | Schweißfachmann/-frau
13950  | 24432900 | A Sonst. WB             | Taucher/in
2268   | 24493900 | A Handwerksmeister      | Metallbauermeister/in
30257  | 24493901 | A Sonst. Meister        | Schweißwerkmeister/in
5444   | 24513900 | A Techniker             | Techniker/in - Feinwerktechnik
70151  | 24533900 | A Restauratoren         | Restaurator/in - Uhrmacherhandwerk/M. Prof. Restaurierung
2136   | 24593900 | A Handwerksmeister      | Präzisionswerkzeugmechanikermeister/in
2418   | 24593902 | A Handwerksmeister      | Feinwerkmechanikermeister/in
2437   | 24593903 | A Handwerksmeister      | Chirurgiemechanikermeister/in
2444   | 24593904 | A Handwerksmeister      | Büchsenmachermeister/in
2503   | 24593905 | A Handwerksmeister      | Uhrmachermeister/in
135772 | 25103850 | A Techniker             | Techniker/in - Verfahrenstechnik
5338   | 25103903 | A Techniker             | Techniker/in - Maschinentechnik (ohne Schwerpunkt)
5386   | 25103906 | A Techniker             | Techniker/in - Maschinentechnik (Entwicklungstechnik)
5390   | 25103907 | A Techniker             | Techniker/in - Maschinentechnik (Konstruktion)
5407   | 25103908 | A Techniker             | Techniker/in - Maschinentechnik (Automatisierungstechnik)
5409   | 25103910 | A Techniker             | Techniker/in - Maschinentechnik (Fertigungstechnik)
5411   | 25103911 | A Techniker             | Techniker/in - Maschinentechnik (Betriebstechnik)
5486   | 25103915 | A Techniker             | Techniker/in - Maschinentechnik (Verfahrenstechnik)
5487   | 25183902 | A Techniker             | Techniker/in - Maschinentechnik (Pneumatik)
5488   | 25183903 | A Techniker             | Techniker/in - Maschinentechnik (Verfahrens- u. Umweltt.)
"5490   | 25183904 | A Techniker             | Techniker/in - Mühlenbau, Getr.- u. Futterm. (Anlagenbau)"
14005  | 25183906 | A Sonst. WB             | Hydraulik-Fachkraft
"58460  | 25183909 | A Techniker             | Techniker/in - Mühlenbau, Getr.- u. Futterm. (Verfahrenst.)"
58548  | 25183910 | A Sonst. WB             | Pneumatik-Fachkraft
2378   | 25212906 | A Sonst. WB             | Kraftfahrzeug-Servicetechniker/in
126669 | 25212942 | A Sonst. WB             | Fachkraft - innovative Fahrzeugaufbereitung
5422   | 25213900 | A Techniker             | Techniker/in - Kraftfahrzeugtechnik
5423   | 25213901 | A Techniker             | Techniker/in - Karosserie- und Fahrzeugbautechnik
133414 | 25213949 | A Restauratoren         | Restaurator/in - Kaross.- u. Fahrzeugb.hw./M. Prof. Restaur.
133415 | 25213950 | A Restauratoren         | Restaurator/in - Kfz.technikerhw./M. Prof. Restaurierung
134933 | 25213953 | A Sonst. WB             | Fachkraft - Caravantechnik
137119 | 25223900 | A Sonst. WB             | Servicetechniker/in - Land- und Baumaschinen
5429   | 25233900 | A Techniker             | Techniker/in - Luftfahrttechnik
122259 | 25253900 | A Sonst. WB             | Zweirad-Servicetechniker/in - motor. Zweiradtechnik
122260 | 25253901 | A Sonst. WB             | Zweirad-Servicetechniker/in - nichtmotor. Zweiradtechnik
2183   | 25293900 | A Handwerksmeister      | Karosserie- und Fahrzeugbauermeister/in
2382   | 25293902 | A Handwerksmeister      | Kraftfahrzeugtechnikermeister/in
2391   | 25293903 | A Handwerksmeister      | Land- und Baumaschinenmechatronikermeister/in
2474   | 25293904 | A Handwerksmeister      | Zweiradmechanikermeister/in
4552   | 25293905 | A Handwerksmeister      | Bootsbauermeister/in
6169   | 25293906 | A Industriemeister      | Industriemeister/in - Flugzeugbau/Luftfahrttechnik
5414   | 26113902 | A Techniker             | Techniker/in - Mechatronik
58552  | 26113910 | A Sonst. WB             | Fachkraft - Mechatronik
5573   | 26123902 | A Techniker             | Techniker/in - Elektrotechnik (Automatisierungstechnik)
134753 | 26123958 | A Techniker             | Techniker/in - Produktionstechnik und Datenmanagement
30216  | 26193900 | A Industriemeister      | Industriemeister/in - Mechatronik
15481  | 26212904 | A Sonst. WB             | Elektrofachkraft für festgelegte Tätigkeiten
5521   | 26233901 | A Techniker             | Techniker/in - Elektrotechnik (Energietechnik)
14744  | 26233902 | A Sonst. WB             | Kraftwerker/in
89228  | 26243902 | A Techniker             | Techniker/in - Windenergietechnik
122262 | 26243933 | A Fachwirte             | Fachwirt/in - Solartechnik
126753 | 26243936 | A Sonst. WB             | Servicemonteur/in - Windenergieanlagentechnik
2842   | 26293900 | A Handwerksmeister      | Elektromaschinenbauermeister/in
73548  | 26293915 | A Sonst. Meister        | Kraftwerksmeister/in - Produktion
73549  | 26293916 | A Sonst. Meister        | Kraftwerksmeister/in - Produktion Elektrotechnik/Leittechnik
5505   | 26303901 | A Techniker             | Techniker/in - Elektrotechnik (ohne Schwerpunkt)
77048  | 26303919 | A Sonst. WB             | Prozessmanager/in - Elektrotechnik
15265  | 26313803 | A IT-Aufstiegsfortb. (zert.) | Komponentenentwickler/in
5536   | 26313903 | A Techniker             | Techniker/in - Elektrotechnik (Information/Kommunikation)
59027  | 26323902 | A Techniker             | Techniker/in - Leiterplattentechnik
67111  | 26323904 | A Sonst. WB             | Prozessmanager/in - Mikrotechnologie
126659 | 26333925 | A Techniker             | Techniker/in - Elektromobilität
2738   | 26393900 | A Handwerksmeister      | Elektrotechnikermeister/in
2945   | 26393902 | A Handwerksmeister      | Informationstechnikermeister/in
6204   | 26393904 | A Industriemeister      | Industriemeister/in - Elektrotechnik
5387   | 27223900 | A Sonst. WB             | Konstrukteur/in
14022  | 27223902 | A Sonst. WB             | CAD-Fachkraft - Bau
14025  | 27223905 | A Sonst. WB             | CAD-Fachkraft - Metall
58454  | 27223911 | A Sonst. WB             | CAD-Fachkraft (ohne Schwerpunkt)
4519   | 27293900 | A Handwerksmeister      | Modellbauermeister/in
134853 | 27303776 | A Sonst. WB             | Spezialist/in - Industrie 4.0
135774 | 27303787 | A Fachwirte             | Fachwirt/in - Fertigungs- und Prozessmanagement
5413   | 27303904 | A Techniker             | Techniker/in - Maschinentechnik (Produktionsorganisation)
6004   | 27303905 | A Techniker             | Techniker/in - Wirtschaftstechnik
13955  | 27303909 | A Sonst. WB             | REFA-Techniker/in
14016  | 27303910 | A Sonst. WB             | REFA-Prozessorganisator/in
73720  | 27303929 | A Sonst. WB             | Prozessmanager/in - Produktionstechnologie
"14012  | 27312904 | A Sonst. WB             | Güte-, Materialprüfer/in/Qualitätsfachmann/-frau"
14029  | 27313901 | A Sonst. WB             | Fachkraft - Qualitätssicherung/-management
14383  | 27393901 | A Industriemeister      | Industriemeister/in - allgemein
135665 | 27393902 | A Sonst. Meister        | Meister/in - Vernetzte Industrie
58440  | 28103900 | A Techniker             | Techniker/in - Textiltechnik
3046   | 28193900 | A Handwerksmeister      | Seilermeister/in
6268   | 28193904 | A Industriemeister      | Industriemeister/in - Textilwirtschaft
122405 | 28193912 | A Handwerksmeister      | Textilgestaltermeister/in
"5945   | 28213901 | A Sonst. WB             | Schnitt-, Entwurfs- und Fertigungsmodelleur/-direktrice"
"13970  | 28213903 | A Gestalter             | Gestalter/in - Bekleidung, Mode"
14494  | 28213904 | A Sonst. WB             | Produktentwickler/in (Mode)
5932   | 28223900 | A Techniker             | Techniker/in - Bekleidungstechnik
3259   | 28293901 | A Handwerksmeister      | Maßschneidermeister/in
3354   | 28293902 | A Handwerksmeister      | Modistenmeister/in
3380   | 28293903 | A Handwerksmeister      | Segelmachermeister/in
6271   | 28293905 | A Industriemeister      | Industriemeister/in - Polsterei/Polstermöbel
137419 | 28293916 | A Industriemeister      | Industriemeister/in - Fahrzeuginterieur-Mechanik
5930   | 28333900 | A Techniker             | Techniker/in - Schuhtechnik (Betriebstechnik)
5938   | 28333901 | A Techniker             | Techniker/in - Schuhtechnik (Modellgestaltung)
3490   | 28393900 | A Handwerksmeister      | Schuhmachermeister/in
3498   | 28393901 | A Handwerksmeister      | Orthopädieschuhmachermeister/in
3540   | 28393902 | A Handwerksmeister      | Sattler- und Feintäschnermeister/in
3613   | 28393903 | A Handwerksmeister      | Kürschnermeister/in
6270   | 28393904 | A Industriemeister      | Industriemeister/in - Schuhfertigung
5891   | 29103901 | A Sonst. WB             | Brau- und Getränketechnologe/-technologin
51031  | 29132904 | A Sonst. WB             | Fachkraft - Brennereiwesen
3777   | 29193900 | A Handwerksmeister      | Weinküfermeister/in
3790   | 29193901 | A Handwerksmeister      | Brauer- und Mälzermeister/in
3815   | 29193902 | A Sonst. Meister        | Landwirtschaftliche/r Brennmeister/in
3816   | 29193903 | A Sonst. Meister        | Destillateurmeister/in
3817   | 29193904 | A Sonst. Meister        | Getränkebetriebsmeister/in
6139   | 29193906 | A Sonst. Meister        | Betriebsbraumeister/in
14061  | 29193907 | A Sonst. Meister        | Kellermeister/in
27531  | 29193908 | A Industriemeister      | Industriemeister/in - Fruchtsaft und Getränke
5875   | 29203901 | A Techniker             | Techniker/in - Lebensmitteltechnik (Verarbeitungstechnik)
14381  | 29203905 | A Techniker             | Techniker/in - Lebensmitteltechnik (Feinkost u. Fertigger.)
93488  | 29203909 | A Techniker             | Techniker/in - Lebensmitteltechnik (ohne Schwerpunkt)
5876   | 29223900 | A Techniker             | Techniker/in - Lebensmitteltechnik (Bäckereitechnik)
5873   | 29233900 | A Techniker             | Techniker/in - Lebensmitteltechnik (Fleischereitechnik)
3861   | 29253900 | A Wirtschafter          | Wirtschafter/in - Milchwirtschaft und Molkereiwesen
"5878   | 29253901 | A Techniker             | Techniker/in - Milchwirtschaft, Molkereiwesen"
3629   | 29293900 | A Handwerksmeister      | Bäckermeister/in
3655   | 29293901 | A Handwerksmeister      | Konditormeister/in
3677   | 29293902 | A Handwerksmeister      | Fleischermeister/in
3860   | 29293903 | A Sonst. Meister        | Molkereimeister/in/B. Prof. Milchtechnologie
3882   | 29293904 | A Handwerksmeister      | Müllermeister/in
6133   | 29293905 | A Industriemeister      | Industriemeister/in - Lebensmittel
6134   | 29293906 | A Industriemeister      | Industriemeister/in - Süßwaren
3742   | 29382900 | A Sonst. WB             | Diätkoch/-köchin
3727   | 29393900 | A Sonst. Meister        | Küchenmeister/in
5621   | 31103901 | A Techniker             | Techniker/in - Bautechnik (ohne Schwerpunkt)
5631   | 31103902 | A Techniker             | Techniker/in - Bautechnik (Baubetrieb)
5687   | 31153901 | A Techniker             | Techniker/in - Baudenkmalpflege/Altbauerneuerung
5688   | 31153902 | A Techniker             | Techniker/in - Bautechnik (Bauerneuerung/Bausanierung)
7967   | 31173900 | A Fachwirte             | Fachwirt/in - Bau
9743   | 31173901 | A Betriebswirte (FS)    | Betriebswirt/in (staatl. gepr.) - Bauwirtschaft
9744   | 31173902 | A Sonst. kaufm. WB      | Industrie-Betriebswirt/in - Bauwirtschaft
5701   | 31213901 | A Techniker             | Techniker/in - Vermessungstechnik
5702   | 31213902 | A Techniker             | Techniker/in - Vermessungstechnik (Bauvermessung)
5716   | 31213903 | A Techniker             | Techniker/in - Seevermessungstechnik
5654   | 32103900 | A Techniker             | Techniker/in - Bautechnik (Hochbau)
3975   | 32123900 | A Restauratoren         | Restaurator/in - Maurer-u. Betonbauerhw./M. Prof. Restaur.
14300  | 32123901 | A Handw. Restaurierungsarb. | Maurer/in - Restaurierungsarbeiten
3939   | 32193902 | A Sonst. WB             | Werkpolier/in - Hochbau
3941   | 32193903 | A Handwerksmeister      | Maurer- und Betonbauermeister/in
4038   | 32193905 | A Handwerksmeister      | Dachdeckermeister/in
4067   | 32193906 | A Handwerksmeister      | Gerüstbauermeister/in
13819  | 32193908 | A Sonst. Meister        | Polier/in - Hochbau
59064  | 32193922 | A Sonst. WB             | Gerüstbau-Kolonnenführer/in
5671   | 32203900 | A Techniker             | Techniker/in - Bautechnik (Tiefbau)
4107   | 32293900 | A Handwerksmeister      | Straßenbauermeister/in
4202   | 32293901 | A Handwerksmeister      | Brunnenbauermeister/in
6286   | 32293902 | A Sonst. Meister        | Gleisbaumeister/in
13822  | 32293904 | A Sonst. WB             | Werkpolier/in - Tiefbau
13823  | 32293905 | A Sonst. Meister        | Polier/in - Tiefbau
58502  | 32293920 | A Sonst. Meister        | Wasserbaumeister/in
4416   | 33133900 | A Restauratoren         | Restaurator/in - Parkettlegerhandwerk/M. Prof. Restaurierung
14290  | 33133901 | A Handw. Restaurierungsarb. | Parkettleger/in - Restaurierungsarbeiten
"4326   | 33193900 | A Handwerksmeister      | Fliesen-, Platten- und Mosaiklegermeister/in"
4391   | 33193901 | A Handwerksmeister      | Estrichlegermeister/in
4417   | 33193902 | A Handwerksmeister      | Parkettlegermeister/in
4607   | 33213900 | A Restauratoren         | Restaurator/in - Maler- u. Lackiererhw./M. Prof. Restaur.
27257  | 33213901 | A Handw. Restaurierungsarb. | Maler/in und Lackierer/in - Restaurierungsarbeiten
4265   | 33223900 | A Restauratoren         | Restaurator/in - Stuckateurhandwerk/M. Prof. Restaurierung
4249   | 33293900 | A Handwerksmeister      | Stuckateurmeister/in
4591   | 33293901 | A Handwerksmeister      | Maler- und Lackierermeister/in
119751 | 33293905 | A Sonst. Meister        | Meister/in - Holz- und Bautenschutzgewerbe
29470  | 33303901 | A Techniker             | Techniker/in - Bautechnik (Ausbau)
4032   | 33323900 | A Restauratoren         | Restaurator/in - Zimmererhandwerk/M. Prof. Restaurierung
14299  | 33323901 | A Handw. Restaurierungsarb. | Zimmerer/Zimmerin - Restaurierungsarbeiten
4011   | 33393900 | A Handwerksmeister      | Zimmerermeister/in
"4281   | 33393901 | A Handwerksmeister      | Wärme-, Kälte- und Schallschutzisolierermeister/in"
4356   | 33393902 | A Handwerksmeister      | Glasermeister/in
4569   | 33393903 | A Handwerksmeister      | Rollladen- und Sonnenschutztechnikermeister/in
6289   | 33393904 | A Industriemeister      | Industriemeister/in - Isolierung
6290   | 33393905 | A Industriemeister      | Industriemeister/in - Akustik- und Trockenbau
35217  | 33393914 | A Sonst. WB             | Fachbauleiter/in - Tischlerhandwerk
"59057  | 33393916 | A Sonst. WB             | Fachleiter/in - Dach-, Wand- und Abdichtungstechnik"
15244  | 34102902 | A Sonst. WB             | Hauswart/in/Haustechniker/in
5608   | 34103900 | A Sonst. WB             | Fachkraft - Gebäudetechnik
15686  | 34103901 | A Techniker             | Techniker/in - Gebäudesystemtechnik
90101  | 34103903 | A Sonst. WB             | Fachplaner/in - Energie- und Gebäudetechnik
"5458   | 34213900 | A Techniker             | Techniker/in - Heizungs-, Lüftungs-, Klimatechnik"
5463   | 34213901 | A Techniker             | Techniker/in - Sanitärtechnik
5460   | 34233900 | A Techniker             | Techniker/in - Kältetechnik
2170   | 34293900 | A Handwerksmeister      | Klempnermeister/in
2479   | 34293901 | A Handwerksmeister      | Kälteanlagenbauermeister/in
4343   | 34293902 | A Handwerksmeister      | Ofen- und Luftheizungsbauermeister/in
14373  | 34293905 | A Handwerksmeister      | Installateur- und Heizungsbauermeister/in
50990  | 34322904 | A Sonst. WB             | Verteilnetztechniker/in
2154   | 34393900 | A Handwerksmeister      | Behälter- und Apparatebauermeister/in
4765   | 34393901 | A Sonst. Meister        | Wassermeister/in
10251  | 34393904 | A Sonst. Meister        | Abwassermeister/in
10252  | 34393905 | A Sonst. Meister        | Meister/in - Kreislauf- u.Abfallwirtschaft u.Städtereinigung
"35023  | 34393917 | A Sonst. Meister        | Meister/in - Rohr-, Kanal- und Industrieservice"
50992  | 34393918 | A Sonst. Meister        | Netzmeister/in
6316   | 41213900 | A Techniker             | Techniker/in - Biotechnik
6343   | 41293900 | A Sonst. Meister        | Milchwirtschaftliche/r Labormeister/in/B. Prof. milchw. Lab.
5795   | 41313901 | A Techniker             | Techniker/in - Chemietechnik (ohne Schwerpunkt)
5802   | 41313905 | A Techniker             | Techniker/in - Chemietechnik (Betriebstechnik)
5797   | 41323900 | A Techniker             | Techniker/in - Chemietechnik (Biochemie)
5798   | 41323901 | A Techniker             | Techniker/in - Chemietechnik (Laboratoriumstechnik)
6130   | 41393900 | A Industriemeister      | Industriemeister/in - Chemie
6136   | 41393901 | A Industriemeister      | Industriemeister/in - Pharmazie
5827   | 41413900 | A Techniker             | Techniker/in - Physiktechnik
5841   | 41423900 | A Techniker             | Techniker/in - Werkstofftechnik
6067   | 42113900 | A Techniker             | Techniker/in - Geologietechnik
6051   | 42203901 | A Techniker             | Techniker/in - Umweltschutzt. (ohne Schwerpunkt)
6055   | 42203903 | A Techniker             | Techniker/in - Umweltschutzt. (Verfahrenstechnik)
8214   | 42293900 | A Handwerksmeister      | Schornsteinfegermeister/in
6059   | 42313901 | A Fachwirte             | Fachwirt/in - Umweltschutz
10152  | 42313902 | A Sonst. WB             | Gebäudeenergieberater/in
35299  | 42313909 | A Fachwirte             | Fachwirt/in - Energiewirtschaft
58477  | 42313910 | A Techniker             | Techniker/in - Umweltschutztechnik und regenerative Energien
14018  | 42333900 | A Sonst. WB             | Strahlenschutzfachkraft
125585 | 42333901 | A Sonst. Meister        | Kraftwerksmeister/in - Strahlenschutz
15325  | 43103903 | A IT-Aufstiegsfortb. (zert.) | Informatiker/in (Weiterbildung)
7804   | 43113904 | A Fachwirte             | IT-Fachwirt/in
7849   | 43113906 | A Techniker             | Techniker/in - Informatik (Betriebsinformatik)
15034  | 43113912 | A Sonst. WB             | Betriebsinformatiker/in
28611  | 43113923 | A Sonst. WB             | Wirtschaftsinformatiker/in (Fachschule)
58970  | 43113932 | A Betriebswirte (FS)    | Betriebswirt/in (Fachschule) - Informationsverarbeitung
14407  | 43122904 | A Sonst. WB             | SPS-Fachkraft
7845   | 43123901 | A Techniker             | Techniker/in - Informatik (technische Informatik)
15263  | 43123956 | A IT-Aufstiegsfortb. (zert.) | Industriesystemtechniker/in
137559 | 43123971 | A Techniker             | Techniker/in - Informatik (Nachhaltige Digitalisierung)
89995  | 43153912 | A IT-Aufstiegsfortb. (zert.) | Entwickler/in Digitale Medien
15307  | 43223901 | A IT-Aufstiegsfortb. (zert.) | IT-Kundenbetreuer/in
14040  | 43224900 | A IT-Aufstiegsfortb. (zert.) | IT-Berater/in
7846   | 43233901 | A IT-Aufstiegsfortb. (zert.) | Wirtschaftsinformatiker/in - IT-Systeme
15305  | 43233902 | A IT-Aufstiegsfortb. (zert.) | IT-Vertriebsbeauftragte/r
15323  | 43233903 | A IT-Aufstiegsfortb. (zert.) | IT-Ökonom/in
14714  | 43313900 | A Sonst. WB             | Netzwerk-Servicetechniker/in
58471  | 43313903 | A Techniker             | Techniker/in - Informatik (Netzwerktechnologie)
15301  | 43323902 | A IT-Aufstiegsfortb. (zert.) | IT-Qualitätssicherungskoordinator/in
15303  | 43323903 | A IT-Aufstiegsfortb. (zert.) | IT-Projektkoordinator/in
15319  | 43323905 | A IT-Aufstiegsfortb. (zert.) | IT-Entwickler/in (Weiterbildung)
89989  | 43323906 | A IT-Aufstiegsfortb. (zert.) | IT-Tester/in
15057  | 43333902 | A Sonst. WB             | EDV-Fachkraft
89993  | 43343905 | A IT-Aufstiegsfortb. (zert.) | IT-Administrator/in
15269  | 43383900 | A IT-Aufstiegsfortb. (zert.) | Sicherheitstechniker/in (IT)
15299  | 43384900 | A IT-Aufstiegsfortb. (zert.) | IT-Sicherheitskoordinator/in
15321  | 43394900 | A IT-Aufstiegsfortb. (zert.) | IT-Projektleiter/in (Weiterbildung)
89988  | 43413903 | A IT-Aufstiegsfortb. (zert.) | IT-Lösungsentwickler/in
15274  | 43414901 | A IT-Aufstiegsfortb. (zert.) | Softwareentwickler/in
126756 | 51122901 | A Sonst. WB             | Fachkraft Bodenverkehrsdienst im Luftverkehr
58972  | 51123900 | A Sonst. WB             | Prüfer/in von Luftfahrtgerät / Certifying Staff
7255   | 51133900 | A Sonst. WB             | Schiffsbetriebstechniker/in
7262   | 51133901 | A Sonst. WB             | Schiffsmaschinist/in
7195   | 51293900 | A Sonst. Meister        | Straßenwärtermeister/in
14014  | 51312905 | A Sonst. WB             | Fachkraft - Logistik/Materialwirtschaft
14037  | 51332901 | A Sonst. WB             | Hafenfacharbeiter/in
77509  | 51393906 | A Sonst. Meister        | Logistikmeister/in
58456  | 51503901 | A Techniker             | Techniker/in - Verkehrstechnik (Verkehrsmanagement)
6020   | 51523900 | A Techniker             | Techniker/in - Verkehrstechnik (Eisenbahnbetrieb)
59021  | 51543900 | A Sonst. WB             | Lotse/Lotsin
15186  | 51593901 | A Sonst. Meister        | Meister/in - Leit- u. Sicherungstechnik (Eisenbahn)
29518  | 51593903 | A Sonst. Meister        | Meister/in - Bahnverkehr
100910 | 51593912 | A Sonst. Meister        | Meister/in - Kraftverkehr
122242 | 51613911 | A Fachwirte             | Fachwirt/in - Personenverkehr und Mobilität
58980  | 51623917 | A Betriebswirte (FS)    | Betriebswirt/in (Fachschule) - Logistik
122245 | 51623973 | A Fachwirte             | Fachwirt/in - Logistiksysteme
122246 | 51623974 | A Fachwirte             | Fachwirt/in - Güterverkehr und Logistik
13602  | 51633900 | A Fachwirte             | Fachwirt/in - Bahnbetrieb
13719  | 52413903 | A Sonst. WB             | Nautiker/in (Fachschule)
15153  | 52413904 | A Sonst. WB             | Nautische/r Schiffsoff./Kapitän/in - Große Hochseefischerei
15154  | 52413905 | A Sonst. WB             | Nautische/r Schiffsoff./Kapitän/in - Kleine Hochseefischerei
59006  | 52413917 | A Sonst. WB             | Kapitän/in - Küstenfischerei
67085  | 52413918 | A Sonst. WB             | Nautiker/in (BRZ 500) - nat. Fahrt
131061 | 52423901 | A Sonst. Meister        | Binnenschiffermeister/in
50902  | 52512900 | A Sonst. WB             | Forstmaschinenführer/in
4824   | 52593900 | A Sonst. Meister        | Baumaschinenmeister/in
27773  | 53112907 | A Sonst. WB             | Geprüfte Schutz- und Sicherheitskraft (IHK)
14026  | 53123900 | A Sonst. WB             | Fachkraft - Arbeitssicherheit
15038  | 53133902 | A Sonst. WB             | Brandschutzfachkraft
51006  | 53133903 | A Sonst. WB             | Werkfeuerwehrtechniker/in
8082   | 53193900 | A Sonst. Meister        | Meister/in - Schutz und Sicherheit
14055  | 53193901 | A Sonst. Meister        | Meister/in - Bäderbetriebe
14462  | 53323900 | A Fachpfleger           | Fachkrankenpfleger/in - Hygiene
58794  | 53323904 | A Fachpfleger           | Fachkinderkrankenpfleger/in - Hygiene
14405  | 53333900 | A Sonst. WB             | Lebensmittelkontrolleur/in
10213  | 54193900 | A Handwerksmeister      | Textilreinigermeister/in
10237  | 54193901 | A Handwerksmeister      | Gebäudereinigermeister/in
126566 | 61113902 | A Fachwirte             | Fachwirt/in - Einkauf/B. Prof. Procurement
6543   | 61123901 | A Fachkaufleute         | Fachkaufmann/-frau - Vertrieb
14045  | 61123905 | A Sonst. kaufm. WB      | Fachberater/in - Vertrieb
6535   | 61203901 | A Fachwirte             | Fachwirt/in - Handel
6540   | 61203902 | A Betriebswirte (FS)    | Betriebswirt/in (Fachschule) - Handel
6556   | 61213902 | A Betriebswirte (FS)    | Betriebswirt/in (Fachschule) - Außenwirtschaft
130353 | 61213908 | A Fachwirte             | Fachwirt/in - Außenwirtschaft
6536   | 61283900 | A Betriebswirte (FS)    | Betriebswirt/in (Fachschule) - Kraftfahrzeuge
6542   | 61283904 | A Betriebswirte (FS)    | Betriebswirt/in (Fachschule) - Möbelhandel
8011   | 61283906 | A Sonst. kaufm. WB      | Technische/r Fachkaufmann/-frau - Textil
8014   | 61283907 | A Sonst. kaufm. WB      | Technische/r Fachkaufmann/-frau - Werkzeuge/Maschinen
14899  | 61283910 | A Sonst. kaufm. WB      | Technische/r Fachkaufmann/-frau - Beschlagtechnik
14897  | 61283930 | A Sonst. kaufm. WB      | Technische/r Fachkaufmann/-frau - Sanitär/Heizung/Klima
133373 | 61283933 | A Fachwirte             | Fachwirt/in - E-Commerce (Weiterbildung)
7056   | 61313903 | A Fachwirte             | Fachwirt/in - Immobilien
27467  | 61313909 | A Sonst. WB             | Immobiliensachverständige/r
58968  | 61313911 | A Betriebswirte (FS)    | Betriebswirt/in (Fachschule) - Immobilien
14216  | 61323900 | A Sonst. WB             | Fachmann/-frau - Gebäudebewirtschaftung
15700  | 61323902 | A Fachwirte             | Fachwirt/in - Facility-Management
124532 | 62103906 | A Fachwirte             | Fachwirt/in - Vertrieb im Einzelhandel
129226 | 62194901 | A Sonst. kaufm. WB      | Verkaufsleiter/in im Lebensmittelhandwerk
6624   | 62242903 | A Fachkaufleute         | Fachkaufmann/-frau - Foto
59145  | 62252901 | A Sonst. WB             | Einrichtungsfachberater/in
14795  | 62262901 | A Sonst. WB             | Kundenberater/in - Gartenbau
15064  | 62262902 | A Sonst. WB             | Fachberater/in - Bau- und Heimwerkermärkte
35326  | 62272902 | A Sonst. WB             | Automobil-Serviceberater/in
6696   | 62513900 | A Fachwirte             | Fachwirt/in - Buchhandel
6944   | 63113900 | A Fachwirte             | Fachwirt/in - Tourismus
10002  | 63113905 | A Betriebswirte (FS)    | Betriebswirt/in (Fachschule) - Touristik/Reiseverkehr
6623   | 63123900 | A Fachwirte             | Fachwirt/in - Sport
7473   | 63123901 | A Fachwirte             | Fachwirt/in - Fitness
"58963  | 63213906 | A Betriebswirte (FS)    | Betriebswirt/in (Fachschule) - Hotel-, Gaststättengewerbe"
10010  | 63293900 | A Sonst. Meister        | Hotelmeister/in
14520  | 63294900 | A Sonst. kaufm. WB      | Betriebsleiter/in - Hotel/Gaststätten
10004  | 63313900 | A Betriebswirte (FS)    | Betriebswirt/in (Fachschule) - Catering/Verpflegungsmanagem.
15581  | 63313902 | A Fachwirte             | Fachwirt/in - Gastgewerbe
"15023  | 63322901 | A Sonst. WB             | Barmixer/in, Barkeeper/in"
59059  | 63383902 | A Sonst. WB             | Sommelier/Sommelière
10045  | 63393900 | A Sonst. Meister        | Restaurantmeister/in
10080  | 63393901 | A Sonst. Meister        | Barmeister/in
9957   | 63394900 | A Sonst. kaufm. WB      | Gastronom/in
15066  | 63403904 | A Fachwirte             | Fachwirt/in - Veranstaltung
28494  | 63403906 | A Betriebswirte (FS)    | Betriebswirt/in (Fachschule) - Event-Management
125587 | 71303741 | A Sonst. kaufm. WB      | Fachmann/-frau für kaufmännische Betriebsführung (HwO)
6003   | 71303900 | A Sonst. kaufm. WB      | Betriebswirt/in (HwO)
7472   | 71303902 | A Betriebswirte (FS)    | Betriebswirt/in (Fachschule) - Unternehmensführung
7966   | 71303903 | A Fachwirte             | Fachwirt/in - Industrie
9695   | 71303905 | A Sonst. kaufm. WB      | Technische/r Betriebswirt/in (Weiterbildung)
9732   | 71303909 | A Betriebswirte (FS)    | Betriebswirt/in (Fachschule) - Produktionswirtschaft
9733   | 71303910 | A Fachwirte             | Technische/r Fachwirt/in
9736   | 71303911 | A Sonst. kaufm. WB      | Praktische/r Betriebswirt/in
9737   | 71303912 | A Betriebswirte (FS)    | Betriebswirt/in (Fachschule) - allg. Betriebswirtschaft
14749  | 71303926 | A Fachwirte             | Fachwirt/in - Handwerk/B. Prof. Kaufmännisches Management
14892  | 71303929 | A Sonst. kaufm. WB      | Betriebswirt/in (BBiG)/M. Prof. Business Management
29388  | 71303937 | A Fachwirte             | Fachwirt/in - Wirtschaft
34966  | 71333901 | A Sonst. kaufm. WB      | Wirtschaftsförder(er/in)
9745   | 71383903 | A Sonst. kaufm. WB      | Industrie-Betriebswirt/in - Naturwerkstein
9746   | 71383904 | A Betriebswirte (FS)    | Betriebswirt/in (staatl. gepr.) - Druck
58976  | 71383920 | A Betriebswirte (FS)    | Betriebswirt/in (Fachschule) - Recht
134755 | 71383963 | A Sonst. WB             | KI-Manager/in
15242  | 71402918 | A Sonst. kaufm. WB      | PC-Fachkraft - kaufmännisch
7887   | 71403902 | A Betriebswirte (FS)    | Betriebswirt/in (Fachschule) - Kommunik. und Büromanagem.
14088  | 71403908 | A Sonst. kaufm. WB      | Fachmann/-frau - Bürokommunikation
14912  | 71403912 | A Sonst. kaufm. WB      | Sekretär/in (Weiterbildung)
119345 | 71403920 | A Fachwirte             | Fachwirt/in - Büro- und Projektorganisation
7990   | 71413901 | A Sonst. kaufm. WB      | Fremdsprachenkaufmann/-frau
66478  | 71413910 | A Sonst. kaufm. WB      | Fremdsprachenkorrespondent/in (Weiterbildung)
66477  | 71424913 | A Sonst. WB             | Übersetzer/in (Weiterbildung)
15046  | 71493901 | A Sonst. kaufm. WB      | Büroleiter/in - Handwerk
7972   | 71513901 | A Fachkaufleute         | Fachkaufmann/-frau - Personal
58965  | 71513905 | A Betriebswirte (FS)    | Betriebswirt/in (Fachschule) - Personalwirtschaft
58977  | 71513924 | A Sonst. kaufm. WB      | Personalreferent/in
89951  | 71523902 | A Fachwirte             | Fachwirt/in - Personaldienstleistung
6744   | 72113900 | A Betriebswirte (FS)    | Betriebswirt/in (Fachschule) - Bank
6754   | 72113901 | A Fachwirte             | Fachwirt/in - Bank
14328  | 72113906 | A Betriebswirte (FS)    | Sparkassenbetriebswirt/in
6781   | 72123901 | A Fachwirte             | Fachwirt/in - Finanzberatung
15063  | 72123904 | A Fachkaufleute         | Fachberater/in - Finanzdienstleistungen
28221  | 72123905 | A Betriebswirte (FS)    | Betriebswirt/in (Fachschule) - Finanzen und Investment
58512  | 72132905 | A Sonst. kaufm. WB      | Fachmann/-frau - Versicherungsvermittlung
74100  | 72133908 | A Fachwirte             | Fachwirt/in - Versicherungen und Finanzen
7063   | 72183902 | A Fachwirte             | Fachwirt/in - Finanzierung und Leasing
7685   | 72213900 | A Betriebswirte (FS)    | Betriebswirt/in (Fachschule) - Rechnungswesen
7693   | 72213901 | A Sonst. kaufm. WB      | Buchhalter/in
7696   | 72213902 | A Fachkaufleute         | Bilanzbuchhalter/in/B. Prof. Bilanzbuchhaltung
7706   | 72213903 | A Fachagrarwirte        | Fachagrarwirt/in - Rechnungswesen
15014  | 72213907 | A Sonst. kaufm. WB      | Assistent/in/Fachkraft - Rechnungswesen
33200  | 72213909 | A Fachkaufleute         | Finanzbuchhalter/in
131094 | 72213930 | A Sonst. kaufm. WB      | Fachassistent/in Lohn und Gehalt
132515 | 72213932 | A Sonst. kaufm. WB      | Fachassistent/in Rechnungswesen und Controlling
134653 | 72213935 | A Sonst. kaufm. WB      | Fachassistent/in Land- und Forstwirtschaft
136095 | 72213936 | A Sonst. kaufm. WB      | Fachassistent/in Digitalisierung und IT-Prozesse
7551   | 72233901 | A Betriebswirte (FS)    | Betriebswirt/in (Fachschule) - Controlling
7688   | 72233902 | A Fachwirte             | Fachwirt/in - Controlling
51002  | 72234900 | A Fachkaufleute         | Controller/in
7574   | 72303900 | A Fachwirte             | Fachwirt/in - Steuer
9735   | 72303902 | A Betriebswirte (FS)    | Betriebswirt/in (Fachschule) - Steuern
7567   | 72304900 | A Sonst. kaufm. WB      | Steuerberater/in
7960   | 73113901 | A Fachwirte             | Fachwirt/in - Notariat
14734  | 73113902 | A Fachwirte             | Fachwirt/in - Recht
15147  | 73113904 | A Sonst. WB             | Inspektor/in - Notardienst
7648   | 73203903 | A Betriebswirte (FS)    | Betriebswirt/in (Fachschule) - Verwaltung
7649   | 73203904 | A Fachwirte             | Fachwirt/in - Verwaltung
74108  | 73213908 | A Fachwirte             | Fachwirt/in - Krankenkasse
122248 | 73213923 | A Fachwirte             | Fachwirt/in - Gesetzl. Renten- und knappschaftl. Sozialvers.
9029   | 73223901 | A Betriebswirte (FS)    | Betriebswirt/in (Fachschule) - Sozialwesen
9134   | 73223904 | A Fachwirte             | Fachwirt/in - Organisation u. Führung (Sozial)
15490  | 73223911 | A Sonst. WB             | Zahnmedizinische/r Verwaltungsassistent/in
34928  | 73223914 | A Fachwirte             | Fachwirt/in - Zahnärztliches Praxismanagement
34986  | 73223915 | A Fachwirte             | Fachwirt/in - Gesundheits- und Sozialwesen
35295  | 73223917 | A Betriebswirte (FS)    | Betriebswirt/in (Fachschule) - Managem. im Gesundheitswes.
58334  | 73333901 | A Fachwirte             | Fachwirt/in - Informationsdienste
77549  | 81103901 | A Fachwirte             | Fachwirt/in - ambulante medizinische Versorgung
129410 | 81103902 | A Sonst. WB             | Praxisassistent/in (nicht ärztlich)
8931   | 81113900 | A Sonst. WB             | Zahnmedizinische/r Fachassistent/in
15837  | 81113901 | A Sonst. WB             | Dentalhygieniker/in
28260  | 81113903 | A Sonst. WB             | Zahnmedizinische/r Prophylaxeassistent/in
6338   | 81143900 | A Fachagrarwirte        | Fachagrarwirt/in - Besamungswesen
13982  | 81183900 | A Sonst. WB             | Arbeitsmedizinische/r Assistent/in
"13894  | 81213901 | A Sonst. WB             | Biomed. Fachanalytiker/in - klinische Chemie, Pathobiochemie"
13898  | 81213904 | A Sonst. WB             | Biomed. Fachanalytiker/in - Hämatologie
13900  | 81213905 | A Sonst. WB             | Fachassistent/in - Morphologie
"58483  | 81213906 | A Sonst. WB             | Biomed. Fachanalytiker/in - Immunhämatolog.,Transfusionsmed."
58487  | 81213908 | A Sonst. WB             | Biomed. Fachanalytiker/in - Histologie und Zytopathologie
"93349  | 81213910 | A Sonst. WB             | Biomed. Fachanalytiker/in -med. Mikrobio., Virolog., Hygiene"
6046   | 81223900 | A Techniker             | Techniker/in - Kardiotechnik
132075 | 81233905 | A Sonst. WB             | Radiologietechnologe/-technologin - Radiolog. Bildgebung
132076 | 81233906 | A Sonst. WB             | Radiologietechnologe/-technologin - Neurorad. Bildgebung
8824   | 81313900 | A Fachpfleger           | Fachkrankenschwester/-pfleger - Operationsdienst
14452  | 81313903 | A Fachpfleger           | Fachkrankenpfleger/in - Intensivpflege/Anästhesie
14453  | 81313904 | A Fachpfleger           | Fachkrankenpfleger/in - Nephrologie
14456  | 81313907 | A Fachpfleger           | Fachkrankenpfleger/in - Psychiatrie
14458  | 81313909 | A Fachpfleger           | Fachkrankenpfleger/in - Onkologie
14460  | 81313911 | A Fachpfleger           | Fachkrankenpfleger/in - Rehabilitation/Langzeitpflege
14461  | 81313912 | A Fachpfleger           | Fachkrankenpfleger/in - Klinische Geriatrie
27725  | 81313913 | A Fachpfleger           | Fachkrankenschwester/-pfleger - Endoskopie
58792  | 81313915 | A Fachpfleger           | Fachkrankenpfleger/in - Operations-/Endoskopiedienst
69688  | 81313916 | A Fachpfleger           | Fachkrankenpfleger/in - Palliativ- und Hospizpflege
130069 | 81313917 | A Fachpfleger           | Fachkrankenpfleger/in - Notfallpflege
134760 | 81313918 | A Fachpfleger           | Fachkrankenpfleger/in - Intermediate Care
14578  | 81323900 | A Fachpfleger           | Fachkinderkrankenpfleger/in - Onkologie
14681  | 81323901 | A Fachpfleger           | Fachkinderkrankenpfleger/in - Intensivpflege/Anästhesie
14683  | 81323902 | A Fachpfleger           | Fachkinderkrankenpfleger/in - Nephrologie
14830  | 81323903 | A Fachpfleger           | Fachkinderkrankenpfleger/in - Psychiatrie
14831  | 81323904 | A Fachpfleger           | Fachkinderkrankenschwester/-pfleger - Operationsdienst
58796  | 81323907 | A Fachpfleger           | Fachkinderkrankenpfleger/in - Rehabilitation/Langzeitpflege
58798  | 81323908 | A Fachpfleger           | Fachkinderkrankenpfleger/in - Operations-/Endoskopiedienst
69689  | 81323909 | A Fachpfleger           | Fachkinderkrankenpfleger/in - Palliativ-/Hospizpflege
134762 | 81323910 | A Fachpfleger           | Fachkinderkrankenpfleger/in - Intermediate Care
130071 | 81323911 | A Fachpfleger           | Fachkinderkrankenpfleger/in - Notfallpflege
132573 | 81323912 | A Sonst. WB             | Fachkraft - Frühe Hilfen
"135904 | 81383900 | A Sonst. WB             | Pflegeexperte/-expertin - Stoma, Kontinenz und Wunde"
14790  | 81393900 | A Sonst. WB             | Stationsleiter/in - Kranken-/Alten-/Kinderkrankenpflege
14589  | 81394901 | A Sonst. WB             | Pflegedienstleiter/in
15483  | 81623900 | A Sonst. WB             | Psychologisch-technische/r Assistent/in
130733 | 81634938 | A Sonst. WB             | Mediator/in
14640  | 81723901 | A Sonst. WB             | Altentherapeut/in
34982  | 81723903 | A Sonst. WB             | Reittherapeut/in
15122  | 81723914 | A Sonst. WB             | Hippotherapeut/in
8756   | 81723915 | A Sonst. WB             | Motopäde/Motopädin
14347  | 81764900 | A Sonst. WB             | Verpflegungsmanager/in (Diätküchenleiter/in)
8780   | 81783900 | A Sonst. WB             | Heileurythmist/in
13889  | 81783902 | A Sonst. WB             | Diabetesberater/in
15677  | 81783906 | A Sonst. WB             | Tanz- und Bewegungstherapeut/in
14042  | 81883900 | A Sonst. WB             | Pharmareferent/in
14834  | 82183901 | A Fachpfleger           | Fachaltenpfleger/in - klinische Geriatrie/Rehabilitation
14837  | 82183902 | A Fachpfleger           | Fachaltenpfleger/in - Psychiatrie
35011  | 82183905 | A Fachpfleger           | Fachaltenpfleger/in - Onkologie
69709  | 82183906 | A Fachpfleger           | Fachaltenpfleger/in - Palliativ- und Hospizpflege
135776 | 82213822 | A Sonst. WB             | Pflegeberater/in
9014   | 82213900 | A Sonst. WB             | Sozialmedizinische/r Assistent/in
35001  | 82223901 | A Sonst. WB             | Wellnessberater/in
122250 | 82223903 | A Fachwirte             | Fachwirt/in - Kosmetik und Wellness
13890  | 82233900 | A Sonst. WB             | Ernährungsberater/in
27491  | 82243900 | A Sonst. WB             | Qualitätsbeauftragte/r - Gesundheits-/Sozialwesen
58987  | 82243901 | A Sonst. WB             | Pflegesachverständige/r
77370  | 82322907 | A Sonst. WB             | Nageldesigner/in
9912   | 82393900 | A Handwerksmeister      | Friseurmeister/in
126671 | 82393903 | A Handwerksmeister      | Kosmetikermeister/in
15029  | 82403900 | A Fachwirte             | Fachwirt/in - Bestattung
8227   | 82403901 | A Sonst. WB             | Bestatter/in (Weiterbildung)
77301  | 82493901 | A Sonst. Meister        | Bestattermeister/in
6047   | 82503901 | A Techniker             | Techniker/in - Medizintechnik
135397 | 82523915 | A Sonst. WB             | Optometrist/in
2429   | 82593901 | A Handwerksmeister      | Orthopädietechnikermeister/in
2623   | 82593902 | A Handwerksmeister      | Zahntechnikermeister/in
2636   | 82593903 | A Handwerksmeister      | Augenoptikermeister/in
2974   | 82593904 | A Handwerksmeister      | Hörakustikermeister/in
123751 | 82593908 | A Industriemeister      | Industriemeister/in - Medizintechnik
14792  | 83133903 | A Sonst. WB             | Fachkraft - Arbeits- und Berufsförderung
15835  | 83133905 | A Sonst. WB             | Sonderpädagoge/-pädagogin (Fachschule)
123550 | 83133931 | A Sonst. WB             | Heilerziehungspfleger/in - Psychiatrie
9131   | 83133943 | A Sonst. WB             | Arbeitserzieher/in
9602   | 83133944 | A Sonst. WB             | Fachkraft - Blinden- und Sehbehindertenrehabilitation
9129   | 83134900 | A Sonst. WB             | Heilpädagoge/-pädagogin
9078   | 83143902 | A Sonst. WB             | Dorfhelfer/in
58960  | 83143904 | A Sonst. WB             | Haus- und Familienpfleger/in (Weiterbildung)
14082  | 83154900 | A Sonst. WB             | Sozialberater/in - ausländische Arbeitnehmer
14804  | 83193900 | A Fachwirte             | Fachwirt/in - Erziehungswesen
10129  | 83213902 | A Wirtschafter          | Wirtschafter/in - Hauswirtschaft
10143  | 83213905 | A Techniker             | Techniker/in - Ernährungs- und Versorgungsmanagement
13984  | 83213907 | A Sonst. WB             | Fachhauswirtschafter/in
15472  | 83213908 | A Betriebswirte (FS)    | Betriebswirt/in (Fachschule) - Hauswirtschaft
51039  | 83213909 | A Sonst. WB             | Fachkraft - landwirtschaftlicher Haushalt
10110  | 83293900 | A Sonst. WB             | Hauswirtschaftliche/r Betriebsleiter/in
35287  | 83293904 | A Sonst. Meister        | Meister/in - Hauswirtschaft
9895   | 83323900 | A Sonst. WB             | Gemeindereferent/in - katholisch
9896   | 83323901 | A Sonst. WB             | Diakon/in (evangelisch)
9897   | 83323902 | A Sonst. WB             | Diakon (katholisch)
9883   | 83384900 | A Sonst. WB             | Missionar/in
9338   | 84134900 | A Sonst. WB             | Fachlehrer/in - Förderschulen
126829 | 84213825 | A Sonst. WB             | Praxisanleiter/in - Notfallsanitäter
14575  | 84213904 | A Sonst. WB             | Praxisanleiter/in - Pflegeberufe
58450  | 84213911 | A Sonst. WB             | Lehrkraft - Schulen im Gesundheitswesen
9392   | 84214903 | A Sonst. WB             | Fachlehrer/in - berufliche/allgemeinbildende Schulen
9673   | 84223900 | A Sonst. WB             | Ausbilder/in - Anerkannte Ausbildungsberufe
14008  | 84223901 | A Sonst. WB             | Schweißlehrer/in
58319  | 84223910 | A Sonst. WB             | Hufbeschlaglehrschmied/in
77111  | 84223911 | A Sonst. WB             | Aus- und Weiterbildungspädagoge/-pädagogin
77128  | 84224903 | A Sonst. WB             | Berufspädagoge/-pädagogin
13673  | 84434900 | A Sonst. WB             | Theaterpädagoge/-pädagogin
9384   | 84444900 | A Sonst. WB             | Fachlehrer/in - Informationsverarbeitung/Bürowirtschaft
15295  | 84444901 | A IT-Aufstiegsfortb. (zert.) | IT-Trainer/in
27469  | 84483901 | A Sonst. WB             | Ausbilder/in - Erste Hilfe
9478   | 84503901 | A Sonst. WB             | Berufstrainer/in - Sport
9569   | 84513900 | A Sonst. WB             | Fahrlehrer/in
6069   | 91233900 | A Techniker             | Techniker/in - Grabungstechnik
58556  | 92113921 | A Betriebswirte (FS)    | Betriebswirt/in (Fachschule) - Marketingkommunikation
58558  | 92113922 | A Betriebswirte (FS)    | Betriebswirt/in (Fachschule) - Absatz/Marketing
126568 | 92113974 | A Fachwirte             | Fachwirt/in - Marketing
122252 | 92303943 | A Fachwirte             | Fachwirt/in - Musik
133354 | 92303958 | A Fachwirte             | Fachwirt/in - Medien/B. Prof. Media
8291   | 92413900 | A Sonst. WB             | Technische/r Redakteur/in
13981  | 93103901 | A Gestalter             | Gestalter/in - Handwerk
30242  | 93103902 | A Gestalter             | Gestalter/in - Produktdesign
8566   | 93213900 | A Gestalter             | Gestalter/in - Holz/Möbel/Raumgestaltung
27714  | 93213903 | A Gestalter             | Gestalter/in - Farbtechnik/Raumgestaltung
4428   | 93233900 | A Restauratoren         | Restaurator/in - Raumausstatterhw./M. Prof. Restaurierung
51010  | 93233902 | A Sonst. WB             | Gestaltungsberater/in - Raumausstatterhandwerk
4406   | 93293900 | A Handwerksmeister      | Raumausstattermeister/in
58966  | 93312907 | A Sonst. WB             | Steinmetz/in und Steinbildhauer/in - Denkmalpflege
58506  | 93313901 | A Restauratoren         | Restaurator/in - Holzbildhauerhw./M. Prof. Restaurierung
13973  | 93333900 | A Gestalter             | Gestalter/in - Spielzeug
4641   | 93343900 | A Restauratoren         | Restaurator/in - Vergolderhandwerk/M. Prof. Restaurierung
1164   | 93393900 | A Handwerksmeister      | Wachsziehermeister/in
1529   | 93393901 | A Handwerksmeister      | Drechsler-(Elfenbeinschni.) u. Holzspielzeugmachermeister/in
1535   | 93393902 | A Handwerksmeister      | Holzbildhauermeister/in
4642   | 93393903 | A Handwerksmeister      | Vergoldermeister/in
13677  | 93413900 | A Sonst. WB             | Dekorentwerfer/in
14849  | 93413901 | A Gestalter             | Gestalter/in - Keramik
986    | 93493900 | A Handwerksmeister      | Keramikermeister/in
4656   | 93493901 | A Handwerksmeister      | Glas- und Porzellanmalermeister/in
133417 | 93513902 | A Restauratoren         | Restaurator/in - Metallbildnerhw./M. Prof. Restaurierung
"14093  | 93523901 | A Gestalter             | Gestalter/in - Edelstein, Schmuck und Gerät"
59023  | 93523903 | A Restauratoren         | Restaurator/in - Gold-u. Silberschmiedehw./M. Prof. Restaur.
133419 | 93533900 | A Restauratoren         | Restaurator/in - Graveurhandwerk/M. Prof. Restaurierung
897    | 93593900 | A Handwerksmeister      | Edelsteinschleifer- und Edelsteingraveurmeister/in
1959   | 93593901 | A Handwerksmeister      | Graveurmeister/in
2552   | 93593902 | A Handwerksmeister      | Metallbildnermeister/in
2593   | 93593903 | A Handwerksmeister      | Gold- und Silberschmiedemeister/in
8492   | 93593904 | A Handwerksmeister      | Schilder- und Lichtreklameherstellermeister/in
58510  | 93653900 | A Restauratoren         | Restaurator/in - Orgel-u. Harmoniumbauerhw/M. Prof. Restaur.
2649   | 93693900 | A Handwerksmeister      | Klavier- und Cembalobauermeister/in
2659   | 93693901 | A Handwerksmeister      | Orgel- und Harmoniumbauermeister/in
2675   | 93693902 | A Handwerksmeister      | Geigenbauermeister/in
2676   | 93693903 | A Handwerksmeister      | Bogenmachermeister/in
2682   | 93693904 | A Handwerksmeister      | Zupfinstrumentenmachermeister/in
2688   | 93693905 | A Handwerksmeister      | Holzblasinstrumentenmachermeister/in
2695   | 93693906 | A Handwerksmeister      | Handzuginstrumentenmachermeister/in
13868  | 93693907 | A Handwerksmeister      | Metallblasinstrumentenmachermeister/in
14241  | 94404902 | A Sonst. WB             | Producer/in
73948  | 94413900 | A Sonst. WB             | Regieassistent/in
35334  | 94493904 | A Sonst. WB             | Produktionsleiter/in - Film und Fernsehen
77114  | 94593908 | A Sonst. Meister        | Meister/in - Veranstaltungstechnik/B. Prof. Veranstaltungst.
119592 | 94593909 | A Sonst. Meister        | Meister/in - Medienproduktion Bild und Ton
8553   | 94613900 | A Sonst. WB             | Gewandmeister/in
7413   | 94623900 | A Sonst. WB             | Requisiteur/in
15797  | 94724900 | A Sonst. WB             | Gemmologe/Gemmologin
